anio,trimestre,codigo_puesto,denominacion_puesto,rem_men_bruta_tab,rem_men_neta_tab,tipo_moneda
2026,2,CFH1152732,Director General,188527.0,133178.3,Pesos Mexicanos
2026,2,CFJ1151073,Director Corporativo,171939.0,122230.22,Pesos Mexicanos
2026,2,CFJ2151191,Director Corporativo,177970.0,126210.68,Pesos Mexicanos
2026,2,CFK1252734,Director Ejecutivo,150822.0,108293.0,Pesos Mexicanos
2026,2,CFK2251192,Director Ejecutivo,162888.0,116256.56,Pesos Mexicanos
2026,2,CFM1152738,Administrador Titular,66362.0,50636.02,Pesos Mexicanos
2026,2,CFM2152737,Administrador Titular,73901.0,55628.87,Pesos Mexicanos
2026,2,CFM2355137,Administrador Titular,85968.0,63962.26,Pesos Mexicanos
2026,2,CFM3355136,Administrador Titular,96526.0,71352.86,Pesos Mexicanos
2026,2,CFM4152736,Coordinador,106097.0,78052.56,Pesos Mexicanos
2026,2,CFM4252735,Coordinador,118237.0,86314.03,Pesos Mexicanos
2026,2,CFN1152741,Administrador,39078.0,31308.61,Pesos Mexicanos
2026,2,CFN2152928,Administrador,44946.0,35605.14,Pesos Mexicanos
2026,2,CFN2252740,Administrador,46039.0,36405.43,Pesos Mexicanos
2026,2,CFN3152739,Administrador,53692.0,42008.94,Pesos Mexicanos
2026,2,CFN3352926,Administrador,64854.0,49590.91,Pesos Mexicanos
2026,2,CFO3152742,Administrador,33584.0,27247.5,Pesos Mexicanos
2026,2,P05733,"Especialista ""D""",44286.32,34905.36,Pesos Mexicanos
2026,2,P05732,"Especialista ""C""",40956.72,32470.23,Pesos Mexicanos
2026,2,P05731,"Especialista ""B""",37849.09,30197.46,Pesos Mexicanos
2026,2,P05730,"Especialista ""A""",35407.32,28411.65,Pesos Mexicanos
2026,2,P05729,"Analista ""D""",32077.74,25905.59,Pesos Mexicanos
2026,2,P05728,"Analista ""C""",30375.55,24623.91,Pesos Mexicanos
2026,2,P05727,"Analista ""B""",27191.55,22226.5,Pesos Mexicanos
2026,2,P05726,"Analista ""A""",23810.21,19680.49,Pesos Mexicanos
2026,2,P05725,"Auxiliar ""D""",21803.29,18187.15,Pesos Mexicanos
2026,2,P05724,"Auxiliar ""C""",20076.73,16893.35,Pesos Mexicanos
2026,2,P05723,"Auxiliar ""B""",17328.13,14816.35,Pesos Mexicanos
2026,2,CF21776,"Especialista ""D""",44286.32,35029.27,Pesos Mexicanos
2026,2,CF21775,"Especialista ""C""",40956.72,32588.2,Pesos Mexicanos
2026,2,CF21774,"Especialista ""B""",37849.09,30312.8,Pesos Mexicanos
2026,2,CF21773,"Especialista ""A""",35407.32,28524.94,Pesos Mexicanos
2026,2,CF21772,"Analista ""D""",32277.84,26166.92,Pesos Mexicanos
2026,2,CF21771,"Analista ""C""",30567.95,24878.02,Pesos Mexicanos
2026,2,CF21770,"Analista ""B""",27186.35,22328.97,Pesos Mexicanos
2026,2,CF21769,"Analista ""A""",23848.28,19812.75,Pesos Mexicanos
2026,2,CF21768,"Auxiliar ""D""",21999.48,18442.85,Pesos Mexicanos
2026,2,CF21767,"Auxiliar ""C""",20091.53,17004.79,Pesos Mexicanos
2026,2,CF20352,"Auxiliar ""B""",17327.52,14913.35,Pesos Mexicanos
2026,2,CF20351,"Auxiliar ""A""",15252.27,13278.03,Pesos Mexicanos
