item_canasta,cadena_comercial,ciudad,ejemplo_producto,presentacion,precio_promedio_mxn,precio_minimo_mxn,precio_maximo_mxn,muestras_auditadas,fuente_origen
Huevo,Bodega Aurrera,Mérida,Huevo,Paquete C/12 Blanco,39.99,1.6,72.0,45,PROFECO - Quién es Quién en los Precios (Inspectores en Tienda)
Huevo,Chedraui,Mérida,Huevo,Paquete C/12 Blanco,40.07,1.5,110.0,23,PROFECO - Quién es Quién en los Precios (Inspectores en Tienda)
Huevo,Hipermercado Soriana,Mérida,Huevo,Paquete C/12 Blanco,49.11,2.0,121.0,30,PROFECO - Quién es Quién en los Precios (Inspectores en Tienda)
Huevo,Super Aki Xtra,Mérida,Huevo,Paquete C/12 Blanco,51.8,1.75,111.0,39,PROFECO - Quién es Quién en los Precios (Inspectores en Tienda)
Huevo,Wal-mart,Mérida,Huevo,Paquete C/18 Blanco,51.1,1.5,269.0,67,PROFECO - Quién es Quién en los Precios (Inspectores en Tienda)
Frijol Negro,Bodega Aurrera,Mérida,Frijol,Bolsa 900 Gr. Negro,28.45,14.0,58.0,38,PROFECO - Quién es Quién en los Precios (Inspectores en Tienda)
Frijol Negro,Chedraui,Mérida,Frijol,Bolsa 900 Gr. Bayo,30.93,13.5,68.0,35,PROFECO - Quién es Quién en los Precios (Inspectores en Tienda)
Frijol Negro,Hipermercado Soriana,Mérida,Frijol,Bolsa 900 Gr. Bayo,38.17,14.0,67.9,55,PROFECO - Quién es Quién en los Precios (Inspectores en Tienda)
Frijol Negro,Super Aki Xtra,Mérida,Frijol,Bolsa 900 Gr. Negro,31.78,13.5,68.0,38,PROFECO - Quién es Quién en los Precios (Inspectores en Tienda)
Frijol Negro,Wal-mart,Mérida,Frijol,Bolsa 900 Gr. Negro,33.12,15.0,65.0,64,PROFECO - Quién es Quién en los Precios (Inspectores en Tienda)
Arroz Blanco,Bodega Aurrera,Mérida,Arroz,Bolsa 900 Gr. Extra,24.19,15.0,39.0,26,PROFECO - Quién es Quién en los Precios (Inspectores en Tienda)
Arroz Blanco,Chedraui,Mérida,Arroz,Bolsa 900 Gr. Super Extra. Grano Largo,25.12,17.0,37.0,17,PROFECO - Quién es Quién en los Precios (Inspectores en Tienda)
Arroz Blanco,Hipermercado Soriana,Mérida,Arroz,Bolsa 900 Gr. Super Extra,23.91,15.0,37.9,26,PROFECO - Quién es Quién en los Precios (Inspectores en Tienda)
Arroz Blanco,Super Aki Xtra,Mérida,Arroz,Bolsa 900 Gr. en Grano,28.78,17.0,37.5,17,PROFECO - Quién es Quién en los Precios (Inspectores en Tienda)
Arroz Blanco,Wal-mart,Mérida,Arroz,Bolsa 900 Gr. Extra,24.12,15.0,38.0,51,PROFECO - Quién es Quién en los Precios (Inspectores en Tienda)
Aceite Vegetal,Bodega Aurrera,Mérida,Aceite,Botella 1 Lt. Vegetal,37.42,15.0,72.0,48,PROFECO - Quién es Quién en los Precios (Inspectores en Tienda)
Aceite Vegetal,Chedraui,Mérida,Aceite,Botella 1 Lt. Vegetal,76.02,25.0,248.0,38,PROFECO - Quién es Quién en los Precios (Inspectores en Tienda)
Aceite Vegetal,Hipermercado Soriana,Mérida,Aceite,Botella 1 Lt. Vegetal,48.24,20.9,275.0,29,PROFECO - Quién es Quién en los Precios (Inspectores en Tienda)
Aceite Vegetal,Super Aki Xtra,Mérida,Aceite,Botella 1 Lt. Vegetal,78.17,25.0,248.0,37,PROFECO - Quién es Quién en los Precios (Inspectores en Tienda)
Aceite Vegetal,Wal-mart,Mérida,Aceite,Botella 946 Ml. Canola,60.94,17.0,249.0,78,PROFECO - Quién es Quién en los Precios (Inspectores en Tienda)
Leche Entera,Bodega Aurrera,Mérida,Leche Condensada,Lata 385 Gr.,57.24,9.0,294.0,78,PROFECO - Quién es Quién en los Precios (Inspectores en Tienda)
Leche Entera,Chedraui,Mérida,Leche Condensada,Lata 385 Gr.,54.97,9.0,236.0,74,PROFECO - Quién es Quién en los Precios (Inspectores en Tienda)
Leche Entera,Hipermercado Soriana,Mérida,Leche Condensada,Lata 385 Gr.,46.56,9.6,239.0,85,PROFECO - Quién es Quién en los Precios (Inspectores en Tienda)
Leche Entera,Super Aki Xtra,Mérida,Leche Condensada,Lata 385 Gr.,48.63,11.5,189.0,70,PROFECO - Quién es Quién en los Precios (Inspectores en Tienda)
Leche Entera,Wal-mart,Mérida,Leche Ultrapasteurizada,Envase o Caja 1 Lt. Entera,52.61,9.5,295.0,114,PROFECO - Quién es Quién en los Precios (Inspectores en Tienda)
Tortilla de Maíz,Bodega Aurrera,Mérida,Tortilla de Harina de Trigo,Bolsa 20+2 Piezas. 561 Gr.,21.06,12.5,33.0,16,PROFECO - Quién es Quién en los Precios (Inspectores en Tienda)
Tortilla de Maíz,Chedraui,Mérida,Tortilla de Harina de Trigo,Bolsa 20+2 Piezas. 561 Gr.,21.29,13.0,38.0,14,PROFECO - Quién es Quién en los Precios (Inspectores en Tienda)
Tortilla de Maíz,Hipermercado Soriana,Mérida,Tortilla de Harina de Trigo,Bolsa 20+2 Piezas. 561 Gr.,19.59,13.8,39.9,27,PROFECO - Quién es Quién en los Precios (Inspectores en Tienda)
Tortilla de Maíz,Super Aki Xtra,Mérida,Tortilla de Harina de Trigo,Bolsa 20+2 Piezas. 561 Gr.,19.74,11.0,42.5,16,PROFECO - Quién es Quién en los Precios (Inspectores en Tienda)
Tortilla de Maíz,Wal-mart,Mérida,Tortilla de Maíz,1 Kg. Granel,22.23,14.5,33.0,22,PROFECO - Quién es Quién en los Precios (Inspectores en Tienda)
Pan de Caja,Bodega Aurrera,Mérida,Empanizadores,Bolsa 175 Gr. Crujiente (galleta Molida),564.57,1.6,11490.0,157,PROFECO - Quién es Quién en los Precios (Inspectores en Tienda)
Pan de Caja,Chedraui,Mérida,Diprospan,Caja con Una Jeringa 1 Ml. Hypak. Suspensión Inyectable,355.45,1.5,14985.0,116,PROFECO - Quién es Quién en los Precios (Inspectores en Tienda)
Pan de Caja,Hipermercado Soriana,Mérida,Celestone Soluspan,Caja con Jeringa Prellenada 1 Ml. Hypak. Suspensión Inyectable,221.06,2.0,9999.0,155,PROFECO - Quién es Quién en los Precios (Inspectores en Tienda)
Pan de Caja,Super Aki Xtra,Mérida,Empanizadores,Bolsa 175 Gr. Crujiente (galleta Molida),229.86,1.75,8590.0,111,PROFECO - Quién es Quién en los Precios (Inspectores en Tienda)
Pan de Caja,Wal-mart,Mérida,Pan de Caja,Paquete Grande 620 Gr. Rebanado Blanco,1055.42,1.5,19990.0,239,PROFECO - Quién es Quién en los Precios (Inspectores en Tienda)
Atún en Agua,Bodega Aurrera,Mérida,Agua con Gas,Botella 2 Lt.,22.61,10.0,55.0,36,PROFECO - Quién es Quién en los Precios (Inspectores en Tienda)
Atún en Agua,Chedraui,Mérida,Agua con Gas,Botella 600 Ml. Naranj-ada Fizz,30.24,11.0,81.5,38,PROFECO - Quién es Quién en los Precios (Inspectores en Tienda)
Atún en Agua,Hipermercado Soriana,Mérida,Agua con Gas,Botella 2 Lt.,23.97,11.6,62.9,46,PROFECO - Quién es Quién en los Precios (Inspectores en Tienda)
Atún en Agua,Super Aki Xtra,Mérida,Agua con Gas,Botella 2 Lt.,32.52,7.0,99.0,45,PROFECO - Quién es Quién en los Precios (Inspectores en Tienda)
Atún en Agua,Wal-mart,Mérida,Agua con Gas,Botella 2 Lt.,26.56,10.5,82.0,62,PROFECO - Quién es Quién en los Precios (Inspectores en Tienda)
Pollo Fresco,Bodega Aurrera,Mérida,Carne Pollo,1 Kg. Granel. Entero,112.35,35.0,499.0,46,PROFECO - Quién es Quién en los Precios (Inspectores en Tienda)
Pollo Fresco,Chedraui,Mérida,Carne Pollo,1 Kg. Granel. Entero,102.42,27.9,455.0,28,PROFECO - Quién es Quién en los Precios (Inspectores en Tienda)
Pollo Fresco,Hipermercado Soriana,Mérida,Carne Pollo,1 Kg. Granel. Entero,111.24,31.9,465.0,43,PROFECO - Quién es Quién en los Precios (Inspectores en Tienda)
Pollo Fresco,Super Aki Xtra,Mérida,Carne Pollo,1 Kg. Granel. Entero. con Vísceras o Tipo Super o Entero Supermercado o Canal Entera,84.25,29.95,169.0,28,PROFECO - Quién es Quién en los Precios (Inspectores en Tienda)
Pollo Fresco,Wal-mart,Mérida,Carne Pollo,1 Kg. Granel. Entero. con Vísceras o Tipo Super o Entero Supermercado o Canal Entera,111.85,35.0,499.0,54,PROFECO - Quién es Quién en los Precios (Inspectores en Tienda)
Carne de Res,Bodega Aurrera,Mérida,Carne Res,1 Kg. Granel. Chambarete con Hueso,469.55,18.0,11198.28,256,PROFECO - Quién es Quién en los Precios (Inspectores en Tienda)
Carne de Res,Chedraui,Mérida,Blopress Plus,Caja con 28 Tabletas de 16 Mg/12.5 Mg.,1207.64,13.0,19995.0,209,PROFECO - Quién es Quién en los Precios (Inspectores en Tienda)
Carne de Res,Hipermercado Soriana,Mérida,Blopress Plus,Caja con 28 Tabletas de 16 Mg/12.5 Mg.,932.53,20.0,22990.0,304,PROFECO - Quién es Quién en los Precios (Inspectores en Tienda)
Carne de Res,Super Aki Xtra,Mérida,Carne Res,1 Kg. Granel. Bistec Normal,634.4,13.95,17990.0,240,PROFECO - Quién es Quién en los Precios (Inspectores en Tienda)
Carne de Res,Wal-mart,Mérida,Carne Res,1 Kg. Granel. Chambarete con Hueso,724.32,15.0,17390.0,442,PROFECO - Quién es Quién en los Precios (Inspectores en Tienda)
Manzana Golden,Bodega Aurrera,Mérida,Manzana,1 Kg. Granel. Gala,51.29,38.9,58.0,17,PROFECO - Quién es Quién en los Precios (Inspectores en Tienda)
Manzana Golden,Chedraui,Mérida,Manzana,1 Kg. Granel. Golden,44.46,29.9,58.9,12,PROFECO - Quién es Quién en los Precios (Inspectores en Tienda)
Manzana Golden,Hipermercado Soriana,Mérida,Manzana,1 Kg. Granel. Golden,53.22,34.9,59.8,23,PROFECO - Quién es Quién en los Precios (Inspectores en Tienda)
Manzana Golden,Super Aki Xtra,Mérida,Manzana,1 Kg. Granel. Golden,63.05,39.0,79.0,19,PROFECO - Quién es Quién en los Precios (Inspectores en Tienda)
Manzana Golden,Wal-mart,Mérida,Manzana,1 Kg. Granel. Gala,48.52,38.9,59.0,21,PROFECO - Quién es Quién en los Precios (Inspectores en Tienda)
Cebolla Blanca,Bodega Aurrera,Mérida,Cebolla,1 Kg. Granel. Blanca Sin Rabo,27.32,12.5,34.0,17,PROFECO - Quién es Quién en los Precios (Inspectores en Tienda)
Cebolla Blanca,Chedraui,Mérida,Cebolla,1 Kg. Granel. Blanca Sin Rabo,18.12,12.5,29.9,10,PROFECO - Quién es Quién en los Precios (Inspectores en Tienda)
Cebolla Blanca,Hipermercado Soriana,Mérida,Cebolla,1 Kg. Granel. Blanca Sin Rabo,21.39,13.9,32.5,19,PROFECO - Quién es Quién en los Precios (Inspectores en Tienda)
Cebolla Blanca,Super Aki Xtra,Mérida,Cebolla,1 Kg. Granel. Blanca Sin Rabo,19.56,12.95,27.5,14,PROFECO - Quién es Quién en los Precios (Inspectores en Tienda)
Cebolla Blanca,Wal-mart,Mérida,Cebolla,1 Kg. Granel. Blanca Sin Rabo,27.29,13.5,42.0,27,PROFECO - Quién es Quién en los Precios (Inspectores en Tienda)
Jitomate Saladette,Bodega Aurrera,Mérida,Jitomate,1 Kg. Granel. Saladette/huaje o Tomate Saladette/huaje,44.66,30.0,67.0,18,PROFECO - Quién es Quién en los Precios (Inspectores en Tienda)
Jitomate Saladette,Chedraui,Mérida,Puré de Tomate,Caja 1 Kg. Tomates Molidos Condimentados,40.97,34.0,49.9,10,PROFECO - Quién es Quién en los Precios (Inspectores en Tienda)
Jitomate Saladette,Hipermercado Soriana,Mérida,Jitomate,1 Kg. Granel. Saladette/huaje o Tomate Saladette/huaje,44.49,32.9,58.0,15,PROFECO - Quién es Quién en los Precios (Inspectores en Tienda)
Jitomate Saladette,Super Aki Xtra,Mérida,Jitomate,1 Kg. Granel. Saladette/huaje o Tomate Saladette/huaje,52.21,25.0,99.0,21,PROFECO - Quién es Quién en los Precios (Inspectores en Tienda)
Jitomate Saladette,Wal-mart,Mérida,Jitomate,1 Kg. Granel. Saladette/huaje o Tomate Saladette/huaje,42.74,34.0,57.0,31,PROFECO - Quién es Quién en los Precios (Inspectores en Tienda)
