fecha_scraping,fuente_tienda,ciudad,categoria,producto_nombre,presentacion,precio_regular_mxn,precio_oferta_mxn,descuento_aplicado,en_stock,metodo_extraccion
2026-10-01 20:22:42,Súper Akí Mérida,Mérida,Huevos,Huevo Blanco Fresco,Paquete 18 piezas,47.16,43.39,SI,Disponible,HTTP Scraper + Headers Rotativos
2026-10-01 20:22:42,Súper Akí Mérida,Mérida,Granos,Frijol Negro Jamapa,Bolsa 900 g,36.4,36.4,NO,Disponible,HTTP Scraper + Headers Rotativos
2026-10-01 20:22:42,Súper Akí Mérida,Mérida,Granos,Arroz Blanco Super Extra,Bolsa 900 g,23.19,21.33,SI,Disponible,HTTP Scraper + Headers Rotativos
2026-10-01 20:22:42,Súper Akí Mérida,Mérida,Aceites,Aceite Vegetal Comestible 1-2-3,Botella 900 ml,42.21,38.83,SI,Disponible,HTTP Scraper + Headers Rotativos
2026-10-01 20:22:42,Súper Akí Mérida,Mérida,Lacteos,Leche Entera Pasteurizada Lala,Tetra Brik 1 L,28.44,26.16,SI,Disponible,HTTP Scraper + Headers Rotativos
2026-10-01 20:22:42,Súper Akí Mérida,Mérida,Tortillas y Pan,Pan Blanco de Caja Bimbo Grande,Bolsa 680 g,46.1,46.1,NO,Disponible,HTTP Scraper + Headers Rotativos
2026-10-01 20:22:42,Súper Akí Mérida,Mérida,Enlatados,Atún Aleta Amarilla en Agua Dolores,Lata 140 g,21.55,21.55,NO,Disponible,HTTP Scraper + Headers Rotativos
2026-10-01 20:22:42,Súper Akí Mérida,Mérida,Endulzantes,Azúcar Estándar Morena,Bolsa 1 kg,30.7,30.7,NO,Disponible,HTTP Scraper + Headers Rotativos
2026-10-01 20:22:42,Chedraui Itzaes Mérida,Mérida,Huevos,Huevo Blanco San Juan,Paquete 18 piezas,53.87,53.87,NO,Disponible,HTTP Scraper + Headers Rotativos
2026-10-01 20:22:42,Chedraui Itzaes Mérida,Mérida,Granos,Frijol Negro Chedraui,Bolsa 900 g,32.22,32.22,NO,Disponible,HTTP Scraper + Headers Rotativos
2026-10-01 20:22:42,Chedraui Itzaes Mérida,Mérida,Granos,Arroz Pulido Verde Valle,Bolsa 1 kg,30.43,30.43,NO,Disponible,HTTP Scraper + Headers Rotativos
2026-10-01 20:22:42,Chedraui Itzaes Mérida,Mérida,Aceites,Aceite Puro de Soya Nutrioli,Botella 850 ml,44.35,44.35,NO,Disponible,HTTP Scraper + Headers Rotativos
2026-10-01 20:22:42,Chedraui Itzaes Mérida,Mérida,Lacteos,Leche Entera Alpura Clásica,Tetra Brik 1 L,29.58,29.58,NO,Disponible,HTTP Scraper + Headers Rotativos
2026-10-01 20:22:42,Chedraui Itzaes Mérida,Mérida,Carnes,Pollo Entero Fresco,Por kilogramo,49.62,49.62,NO,Disponible,HTTP Scraper + Headers Rotativos
2026-10-01 20:22:42,Chedraui Itzaes Mérida,Mérida,Carnes,Chuleta de Cerdo Fresca,Por kilogramo,114.08,104.95,SI,Disponible,HTTP Scraper + Headers Rotativos
2026-10-01 20:22:42,Dunosusa Mérida,Mérida,Abarrotes,Pasta para Sopa Fideo La Moderna,Bolsa 200 g,11.35,10.44,SI,Disponible,HTTP Scraper + Headers Rotativos
2026-10-01 20:22:42,Dunosusa Mérida,Mérida,Abarrotes,Puré de Tomate Condimentado Del Fuerte,Tetra Brik 210 g,9.58,9.58,NO,Disponible,HTTP Scraper + Headers Rotativos
2026-10-01 20:22:42,Dunosusa Mérida,Mérida,Abarrotes,Galletas Marías Gamesa,Rollo 170 g,18.04,18.04,NO,Disponible,HTTP Scraper + Headers Rotativos
