fecha_monitoreo,establecimiento,ciudad,categoria,producto,presentacion,precio_regular_mxn,precio_final_mxn,descuento_aplicado,tipo_comercio,disponibilidad
2026-10-01 19:13:00,Farmacias Guadalajara Merida Centro,Mérida,Higiene Personal,Papel Higienico Suavel,Paquete 4 rollos,26.11,26.11,NO,Farmacia / Conveniencia,En existencia
2026-10-01 19:13:00,Farmacias Guadalajara Merida Centro,Mérida,Higiene Personal,Jabon de Tocador Palmolive Clasico,Pastilla 100 g,16.29,14.34,SI,Farmacia / Conveniencia,En existencia
2026-10-01 19:13:00,Farmacias Guadalajara Merida Centro,Mérida,Higiene Personal,Pasta Dental Colgate Triple Accion,Tubo 75 ml,24.68,21.72,SI,Farmacia / Conveniencia,En existencia
2026-10-01 19:13:00,Farmacias Guadalajara Merida Centro,Mérida,Alimentacion Infantil,Formula Infantil Nan Optipro 1,Lata 400 g,211.78,211.78,NO,Farmacia / Conveniencia,En existencia
2026-10-01 19:13:00,Farmacias Guadalajara Merida Centro,Mérida,Alimentacion Infantil,Papilla Gerber Frutas Variadas,Frasco 113 g,17.38,17.38,NO,Farmacia / Conveniencia,En existencia
2026-10-01 19:13:00,Farmacias Guadalajara Merida Centro,Mérida,Salud e Hidratacion,Electrolit Suero Oral Fresa,Botella 625 ml,31.91,31.91,NO,Farmacia / Conveniencia,En existencia
2026-10-01 19:13:00,Tienda OXXO Pensiones Merida,Mérida,Canasta Inmediata,Leche Entera Lala Pasteurizada,Tetra Brik 1 L,31.28,31.28,NO,Farmacia / Conveniencia,En existencia
2026-10-01 19:13:00,Tienda OXXO Pensiones Merida,Mérida,Canasta Inmediata,Huevo Blanco de Granja,Paquete 12 piezas,43.88,38.61,SI,Farmacia / Conveniencia,En existencia
2026-10-01 19:13:00,Tienda OXXO Pensiones Merida,Mérida,Canasta Inmediata,Pan Dulce Concha Bimbo,Paquete 2 piezas,25.09,25.09,NO,Farmacia / Conveniencia,En existencia
2026-10-01 19:13:00,Tienda OXXO Pensiones Merida,Mérida,Canasta Inmediata,Agua Purificada Cristal,Botella 1.5 L,17.46,17.46,NO,Farmacia / Conveniencia,En existencia
2026-10-01 19:13:00,Farmacias Similares Merida Itzaes,Mérida,Higiene y Salud,Alcohol Desnaturalizado 70%,Botella 250 ml,22.39,22.39,NO,Farmacia / Conveniencia,En existencia
2026-10-01 19:13:00,Farmacias Similares Merida Itzaes,Mérida,Higiene y Salud,Algodon Absorbente en Torundas,Bolsa 100 g,19.12,16.83,SI,Farmacia / Conveniencia,En existencia
2026-10-01 19:13:00,Farmacias Similares Merida Itzaes,Mérida,Alimentacion Basica,Suplemento Alimenticio Infantil Simi,Frasco 200 ml,44.6,39.25,SI,Farmacia / Conveniencia,En existencia
