point_id,easting_x,northing_y,elevation_z,intensity,return_number,classification_code,classification_label
P0001,227350.12,2319820.45,9.25,142,1,2,Suelo (Ground)
P0002,227351.05,2319820.80,9.28,138,1,2,Suelo (Ground)
P0003,227352.40,2319821.15,9.31,145,1,2,Suelo (Ground)
P0004,227355.20,2319825.10,18.45,210,1,6,Edificación (Mercado Lucas de Gálvez)
P0005,227356.10,2319825.80,18.52,215,1,6,Edificación (Mercado Lucas de Gálvez)
P0006,227357.30,2319826.50,19.10,225,1,6,Edificación (Mercado Lucas de Gálvez)
P0007,227358.50,2319827.20,19.25,230,1,6,Edificación (Mercado Lucas de Gálvez)
P0008,227360.10,2319828.90,21.80,195,1,6,Edificación (Mercado Lucas de Gálvez - Domo)
P0009,227361.40,2319829.60,21.85,198,1,6,Edificación (Mercado Lucas de Gálvez - Domo)
P0010,227362.80,2319830.40,21.75,190,1,6,Edificación (Mercado Lucas de Gálvez - Domo)
P0011,227365.10,2319835.20,18.60,205,1,6,Edificación (Mercado Lucas de Gálvez)
P0012,227370.20,2319840.10,9.40,150,1,2,Suelo (Vialidad Calle 65)
P0013,227371.50,2319841.00,9.38,148,1,2,Suelo (Vialidad Calle 65)
P0014,227375.30,2319845.20,14.20,85,1,4,Vegetación Media (Árboles Plaza)
P0015,227376.10,2319846.10,15.80,78,1,5,Vegetación Alta (Árboles Plaza)
P0016,227377.40,2319847.00,16.10,72,1,5,Vegetación Alta (Árboles Plaza)
P0017,227380.00,2319850.50,9.30,155,1,2,Suelo (Banqueta peatonal)
P0018,227385.20,2319855.10,17.90,202,1,6,Edificación (Comercio calle 54)
P0019,227386.50,2319856.00,18.10,208,1,6,Edificación (Comercio calle 54)
P0020,227390.10,2319860.20,9.35,160,1,2,Suelo (Cruce peatonal)
