pvif,entidad_federativa,temporalidad,vci,vpi,vli,ci,cai,cpi,oci,crsr,crsd
Altamira,Tamaulipas,Segundo trimestre,1426,10613,0,1426,1010,416,0,6,62
Catazaja,Chiapas,Segundo trimestre,5230,0,0,5230,0,5230,0,46,0
Huixtla,Chiapas,Segundo trimestre,10492,7793,11103,10492,9291,1118,83,18,13
Trinitaria,Chiapas,Segundo trimestre,2406,984,2408,2406,1318,407,681,2,0
Cosamaloapan,Veracruz,Segundo trimestre,6951,0,0,6951,6,6945,0,27,0
El Tepetate,Nuevo León,Segundo trimestre,2744,267,13052,2744,793,1604,347,25,22
La Concha,Sinaloa,Segundo trimestre,3603,5465,15863,3603,3525,77,1,18,8
La Concha II,Sinaloa,Segundo trimestre,5613,13984,24917,5613,4156,1457,0,72,50
Las Tamacuas,Guerrero,Segundo trimestre,510,0,0,510,14,496,0,0,0
Maravatio,Michoacán,Segundo trimestre,1419,0,0,1419,45,1374,0,2,0
Nuevo Campechito,Campeche,Segundo trimestre,6095,210,2535,6095,1697,4397,1,7,0
Paraiso,Chiapas,Segundo trimestre,6798,3120,0,6798,5608,980,210,4,2
PMSE La Coma,Tamaulipas,Segundo trimestre,11410,0,0,11410,11403,7,0,0,0
Santa Adelaida,Campeche,Segundo trimestre,7792,1805,1993,7792,2537,4643,612,30,10
Santa Clara,Durango,Segundo trimestre,4917,5831,2,4917,1547,3370,0,39,32
Tanque Escondido,Coahuila,Segundo trimestre,1669,1582,16,1669,272,1397,0,21,15
Tonala,Tabasco,Segundo trimestre,10329,54,463,10329,1917,8402,10,17,0
Tula,Tamaulipas,Segundo trimestre,4238,2649,3961,4238,3697,538,3,4,6
Vicente Guerrero,Durango,Segundo trimestre,1586,3325,1206,1586,592,994,0,5,3
