id,clee,nom_estab,raz_social,codigo_act,nombre_act,per_ocu,tipo_vial,nom_vial,numero_ext,asentamiento,cod_postal,cve_ent,cve_mun,cve_loc,latitud,longitud
1849201,310504611100001,ABARROTES EL CENTENARIO,MARIA DEL CARMEN PECH CANUL,461110,Comercio al por menor en tiendas de abarrotes ultramarinos y miscelaneas,0 a 5 personas,CALLE,65,512,CENTRO,97000,31,050,0001,20.965821,-89.620145
1849202,310504621110002,SUPER AKI MERCADO,TIENDAS DE CONVENIENCIA PENINSULARES SA DE CV,462111,Comercio al por menor en supermercados,31 a 50 personas,CALLE,54,498,CENTRO,97000,31,050,0001,20.962534,-89.621450
1849203,310504611100003,TIENDA DUNOSUSA SAN BENITO,DISTRIBUIDORA DE ABARROTES DE YUCATAN SA DE CV,461110,Comercio al por menor en tiendas de abarrotes ultramarinos y miscelaneas,6 a 10 personas,CALLE,56,540,CENTRO,97000,31,050,0001,20.961910,-89.622580
1849204,310504611600004,TORTILLERIA LA FLOR DE YUCATAN,JOSE ALFREDO CHI MAY,461160,Comercio al por menor de tortillas de maiz y nixtamal,0 a 5 personas,CALLE,67,489,CENTRO,97000,31,050,0001,20.963420,-89.619850
1849205,310504611210005,CARNICERIA LA ESPERANZA,MIGUEL ANGEL CHAN PUC,461121,Comercio al por menor de carnes rojas,0 a 5 personas,CALLE,54 A INTERIOR MERCADO LUCAS DE GALVEZ,S/N,CENTRO,97000,31,050,0001,20.964115,-89.621210
1849206,310504611400006,FRUTAS Y VERDURAS DON PACO,FRANCISCO JAVIER EK TUX,461140,Comercio al por menor de frutas y verduras frescas,0 a 5 personas,CALLE,69,502,CENTRO,97000,31,050,0001,20.962800,-89.620950
1849207,310504621110007,BODEGA AURRERA CAUCEL,NUEVA WAL MART DE MEXICO S DE RL DE CV,462111,Comercio al por menor en supermercados,51 a 100 personas,AVENIDA,CRONISTA DEPORTIVO,302,CIUDAD CAUCEL,97314,31,050,0001,20.998412,-89.697520
1849208,310504611100008,ABARROTES LA GUADALUPANA CAUCEL,GUADALUPE CONCEPCION COCOM,461110,Comercio al por menor en tiendas de abarrotes ultramarinos y miscelaneas,0 a 5 personas,CALLE,59,410,CIUDAD CAUCEL,97314,31,050,0001,21.002150,-89.704200
1849209,310504611600009,MOLINO Y TORTILLERIA LA FE,JORGE CARLOS CETINA,461160,Comercio al por menor de tortillas de maiz y nixtamal,0 a 5 personas,CALLE,70,312,GARCIA GINERES,97070,31,050,0001,20.985410,-89.638520
1849210,310504621110010,CHEDRAUI ITZAES,TIENDAS CHEDRAUI SA DE CV,462111,Comercio al por menor en supermercados,101 a 250 personas,AVENIDA,ITZAES,271,GARCIA GINERES,97070,31,050,0001,20.981240,-89.637110
1849211,310504611100011,DUNOSUSA FRANCISCO DE MONTEJO,DISTRIBUIDORA DE ABARROTES DE YUCATAN SA DE CV,461110,Comercio al por menor en tiendas de abarrotes ultramarinos y miscelaneas,6 a 10 personas,CALLE,50,215,FRANCISCO DE MONTEJO,97203,31,050,0001,21.031540,-89.654210
1849212,310504621110012,WALMART UPTOWN MERIDA,NUEVA WAL MART DE MEXICO S DE RL DE CV,462111,Comercio al por menor en supermercados,101 a 250 personas,CALLE,30,105,ALTABRISA,97130,31,050,0001,21.018420,-89.587630
1849213,310504611210013,CARNICERIA YUCATAN SUR,RODOLFO CANUL BALAM,461121,Comercio al por menor de carnes rojas,0 a 5 personas,CALLE,86,612,SAN JOSE TECOH,97299,31,050,0001,20.923450,-89.634120
1849214,310504611100014,ABARROTES LA MISION,TERESA DE JESUS DZUL,461110,Comercio al por menor en tiendas de abarrotes ultramarinos y miscelaneas,0 a 5 personas,CALLE,131,440,SAN JOSE TECOH,97299,31,050,0001,20.921100,-89.631500
1849215,310504611600015,TORTILLERIA LA PALOMA,MARIO ENRIQUE PECH,461160,Comercio al por menor de tortillas de maiz y nixtamal,0 a 5 personas,CALLE,50,480,PACABTUN,97160,31,050,0001,20.974120,-89.578940
