fecha_levantamiento,cadena_comercial,sucursal,municipio,estado,categoria,producto,marca_presentacion,precio_monitoreado
2026-09-20,BODEGA AURRERA,Caucel Cronista Deportivo,Merida,Yucatan,Canasta Basica,Huevo blanco,El Calvario paquete 18 pzas,48.50
2026-09-20,BODEGA AURRERA,Caucel Cronista Deportivo,Merida,Yucatan,Canasta Basica,Frijol negro,Verde Valle bolsa 900 g,38.00
2026-09-20,BODEGA AURRERA,Caucel Cronista Deportivo,Merida,Yucatan,Canasta Basica,Arroz pulido,Schettino grano largo 900 g,21.50
2026-09-20,BODEGA AURRERA,Caucel Cronista Deportivo,Merida,Yucatan,Canasta Basica,Aceite vegetal,1-2-3 botella 900 ml,41.00
2026-09-20,BODEGA AURRERA,Caucel Cronista Deportivo,Merida,Yucatan,Canasta Basica,Leche entera,Lala pasteurizada 1 L,28.50
2026-09-21,CHEDRAUI,Itzaes No. 271,Merida,Yucatan,Canasta Basica,Huevo blanco,San Juan paquete 18 pzas,52.00
2026-09-21,CHEDRAUI,Itzaes No. 271,Merida,Yucatan,Canasta Basica,Frijol negro,Chedraui marca propia 900 g,33.50
2026-09-21,CHEDRAUI,Itzaes No. 271,Merida,Yucatan,Canasta Basica,Arroz pulido,Verde Valle extra 1 kg,29.90
2026-09-21,CHEDRAUI,Itzaes No. 271,Merida,Yucatan,Canasta Basica,Aceite vegetal,Nutrioli soya pura 850 ml,46.00
2026-09-21,CHEDRAUI,Itzaes No. 271,Merida,Yucatan,Canasta Basica,Leche entera,Alpura clasica 1 L,29.00
2026-09-22,SUPER AKI,Centro Calle 54,Merida,Yucatan,Canasta Basica,Huevo blanco,Kaki bolsa a granel 1 kg,46.00
2026-09-22,SUPER AKI,Centro Calle 54,Merida,Yucatan,Canasta Basica,Frijol negro,Aki grano limpio 900 g,34.00
2026-09-22,SUPER AKI,Centro Calle 54,Merida,Yucatan,Canasta Basica,Arroz pulido,Aki grano super extra 900 g,22.00
2026-09-22,SUPER AKI,Centro Calle 54,Merida,Yucatan,Canasta Basica,Aceite vegetal,Capullo 840 ml,49.50
2026-09-22,SUPER AKI,Centro Calle 54,Merida,Yucatan,Canasta Basica,Leche entera,Lala entera 1 L,28.00
2026-09-23,MERCADO LUCAS DE GALVEZ,Pasillo Carnes y Granos,Merida,Yucatan,Canasta Basica,Tortilla de maiz,A granel fresca 1 kg,26.00
2026-09-23,MERCADO LUCAS DE GALVEZ,Pasillo Carnes y Granos,Merida,Yucatan,Canasta Basica,Frijol negro,Negro Jamapa a granel 1 kg,32.00
2026-09-23,MERCADO LUCAS DE GALVEZ,Pasillo Carnes y Granos,Merida,Yucatan,Canasta Basica,Huevo blanco,A granel fresco reja 30 pzas,78.00
2026-09-23,MERCADO LUCAS DE GALVEZ,Pasillo Carnes y Granos,Merida,Yucatan,Canasta Basica,Pollo entero,Fresco beneficiado 1 kg,48.00
2026-09-23,MERCADO SAN BENITO,Pasillo Verduras,Merida,Yucatan,Canasta Basica,Tomate saladet,A granel nacional 1 kg,24.00
