fecha,mercado_destino,producto,variedad_calidad,origen,presentacion_empaque,precio_minimo_mayoreo_mxn,precio_maximo_mayoreo_mxn,precio_frecuente_mayoreo_mxn
2026-09-15,Central de Abasto de Merida,Jitomate Saladette,Primera,Puebla,Caja carton 13 kg,190.00,230.00,210.00
2026-09-15,Central de Abasto de Merida,Cebolla Blanca,Primera,Chihuahua,Arpillera 20 kg,260.00,310.00,280.00
2026-09-15,Central de Abasto de Merida,Papa Blanca,Alpha Primera,Sonora,Bulto 50 kg,750.00,860.00,800.00
2026-09-15,Central de Abasto de Merida,Limon con semilla,Colima / Yucatan,Yucatan,Caja 18 kg,180.00,240.00,200.00
2026-09-15,Central de Abasto de Merida,Platano Tabasco,Primera,Chiapas,Caja 20 kg,220.00,260.00,240.00
2026-09-15,Central de Abasto de Merida,Manzana Red Delicious,Mediana,Chihuahua,Caja 19 kg,620.00,720.00,660.00
2026-09-15,Central de Abasto de Merida,Naranja Valenciana,Grande,Yucatan,Mil piezas granel,950.00,1200.00,1050.00
2026-09-15,Central de Abasto de Merida,Huevo Blanco,Fresco de Granja,Yucatan,Caja 360 piezas (12 conos),720.00,790.00,750.00
2026-09-15,Central de Abasto de Merida,Frijol Negro Jamapa,Grano seleccionado,Veracruz,Bulto 50 kg,1250.00,1400.00,1320.00
2026-09-15,Central de Abasto de Merida,Arroz Blanco Extra,Grano largo,Campeche,Bulto 50 kg,890.00,980.00,920.00
2026-09-15,Central de Abasto de Merida,Azucar Estandar,Morena pura,Veracruz,Bulto 50 kg,1100.00,1220.00,1150.00
2026-09-15,Central de Abasto de Merida,Pollo Entero,Fresco procesado,Yucatan,Kilogramo mayoreo,36.00,41.00,38.50
2026-09-15,Central de Abasto de Merida,Carne de Cerdo (Canal),Fresco de rastro,Yucatan,Kilogramo mayoreo,68.00,76.00,72.00
2026-09-22,Central de Abasto de Merida,Jitomate Saladette,Primera,Puebla,Caja carton 13 kg,195.00,240.00,215.00
2026-09-22,Central de Abasto de Merida,Cebolla Blanca,Primera,Chihuahua,Arpillera 20 kg,250.00,290.00,270.00
2026-09-22,Central de Abasto de Merida,Huevo Blanco,Fresco de Granja,Yucatan,Caja 360 piezas (12 conos),730.00,800.00,760.00
2026-09-22,Central de Abasto de Merida,Frijol Negro Jamapa,Grano seleccionado,Veracruz,Bulto 50 kg,1260.00,1410.00,1330.00
2026-09-22,Central de Abasto de Merida,Arroz Blanco Extra,Grano largo,Campeche,Bulto 50 kg,890.00,990.00,930.00
2026-09-22,Central de Abasto de Merida,Pollo Entero,Fresco procesado,Yucatan,Kilogramo mayoreo,37.00,42.00,39.00
